n,F/P,P/F,A/F,A/P,F/A,P/A,A/G,P/G,n_1,interest_rate
1.0,1.003,0.9975,1.0,1.0025,1.0,0.998,0.0,0.0,1.0,0.25
2.0,1.005,0.995,0.4994,0.5019,2.003,1.993,0.504,1.005,2.0,0.25
3.0,1.008,0.9925,0.3325,0.335,3.008,2.985,1.005,2.999,3.0,0.25
4.0,1.01,0.9901,0.2491,0.2516,4.015,3.975,1.501,5.966,4.0,0.25
5.0,1.013,0.9876,0.199,0.2015,5.025,4.963,1.998,9.916,5.0,0.25
6.0,1.015,0.9851,0.1656,0.1681,6.038,5.948,2.498,14.861,6.0,0.25
7.0,1.018,0.9827,0.1418,0.1443,7.053,6.931,2.995,20.755,7.0,0.25
8.0,1.02,0.9802,0.1239,0.1264,8.07,7.911,3.49,27.611,8.0,0.25
9.0,1.023,0.9778,0.11,0.1125,9.091,8.889,3.987,35.44,9.0,0.25
10.0,1.025,0.9753,0.0989,0.1014,10.113,9.864,4.483,44.216,10.0,0.25
11.0,1.028,0.9729,0.0898,0.0923,11.139,10.837,4.978,53.95,11.0,0.25
12.0,1.03,0.9705,0.0822,0.0847,12.167,11.807,5.474,64.634,12.0,0.25
13.0,1.033,0.9681,0.0758,0.0783,13.197,12.775,5.968,76.244,13.0,0.25
14.0,1.036,0.9656,0.0703,0.0728,14.23,13.741,6.464,88.826,14.0,0.25
15.0,1.038,0.9632,0.0655,0.068,15.266,14.704,6.957,102.301,15.0,0.25
16.0,1.041,0.9608,0.0613,0.0638,16.304,15.665,7.451,116.716,16.0,0.25
17.0,1.043,0.9584,0.0577,0.0602,17.344,16.624,7.944,132.063,17.0,0.25
18.0,1.046,0.9561,0.0544,0.0569,18.388,17.58,8.437,148.319,18.0,0.25
19.0,1.049,0.9537,0.0515,0.054,19.434,18.533,8.929,165.492,19.0,0.25
20.0,1.051,0.9513,0.0488,0.0513,20.482,19.485,9.421,183.559,20.0,0.25
21.0,1.054,0.9489,0.0464,0.0489,21.534,20.434,9.912,202.531,21.0,0.25
22.0,1.056,0.9465,0.0443,0.0468,22.587,21.38,10.404,222.435,22.0,0.25
23.0,1.059,0.9442,0.0423,0.0448,23.644,22.324,10.894,243.212,23.0,0.25
24.0,1.062,0.9418,0.0405,0.043,24.703,23.266,11.384,264.854,24.0,0.25
25.0,1.064,0.9395,0.0388,0.0413,25.765,24.206,11.874,287.407,25.0,0.25
26.0,1.067,0.9371,0.0373,0.0398,26.829,25.143,12.363,310.848,26.0,0.25
27.0,1.07,0.9348,0.0358,0.0383,27.896,26.078,12.852,335.15,27.0,0.25
28.0,1.072,0.9325,0.0345,0.037,28.966,27.01,13.341,360.343,28.0,0.25
29.0,1.075,0.9301,0.0333,0.0358,30.038,27.94,13.828,386.366,29.0,0.25
30.0,1.078,0.9278,0.0321,0.0346,31.114,28.868,14.317,413.302,30.0,0.25
36.0,1.094,0.914,0.0266,0.0291,37.621,34.387,17.234,592.632,36.0,0.25
40.0,1.105,0.9049,0.0238,0.0263,42.014,38.02,19.171,728.882,40.0,0.25
48.0,1.127,0.8871,0.0196,0.0221,50.932,45.179,23.025,1040.22,48.0,0.25
50.0,1.133,0.8826,0.0188,0.0213,53.189,46.947,23.984,1125.96,50.0,0.25
52.0,1.139,0.8782,0.018,0.0205,55.458,48.705,24.941,1214.76,52.0,0.25
60.0,1.162,0.8609,0.0155,0.018,64.647,55.653,28.755,1600.31,60.0,0.25
70.0,1.191,0.8396,0.0131,0.0156,76.395,64.144,33.485,2147.87,70.0,0.25
72.0,1.197,0.8355,0.0127,0.0152,78.78,65.817,34.426,2265.81,72.0,0.25
80.0,1.221,0.8189,0.0113,0.0138,88.44,72.427,38.173,2764.74,80.0,0.25
84.0,1.233,0.8108,0.0107,0.0132,93.343,75.682,40.037,3030.06,84.0,0.25
90.0,1.252,0.7987,0.00992,0.0124,100.789,80.504,42.82,3447.19,90.0,0.25
96.0,1.271,0.7869,0.00923,0.0117,108.349,85.255,45.588,3886.62,96.0,0.25
100.0,1.284,0.779,0.00881,0.0113,113.451,88.383,47.425,4191.6,100.0,0.25
1.0,1.005,0.995,1.0,1.005,1.0,0.995,0.0,0.0,1.0,0.5
2.0,1.01,0.9901,0.4988,0.5038,2.005,1.985,0.499,0.991,2.0,0.5
3.0,1.015,0.9851,0.3317,0.3367,3.015,2.97,0.996,2.959,3.0,0.5
4.0,1.02,0.9802,0.2481,0.2531,4.03,3.951,1.494,5.903,4.0,0.5
5.0,1.025,0.9754,0.198,0.203,5.05,4.926,1.99,9.803,5.0,0.5
6.0,1.03,0.9705,0.1646,0.1696,6.076,5.896,2.486,14.66,6.0,0.5
7.0,1.036,0.9657,0.1407,0.1457,7.106,6.862,2.98,20.448,7.0,0.5
8.0,1.041,0.9609,0.1228,0.1278,8.141,7.823,3.474,27.178,8.0,0.5
9.0,1.046,0.9561,0.1089,0.1139,9.182,8.779,3.967,34.825,9.0,0.5
10.0,1.051,0.9513,0.0978,0.1028,10.228,9.73,4.459,43.389,10.0,0.5
11.0,1.056,0.9466,0.0887,0.0937,11.279,10.677,4.95,52.855,11.0,0.5
12.0,1.062,0.9419,0.0811,0.0861,12.336,11.619,5.441,63.218,12.0,0.5
13.0,1.067,0.9372,0.0746,0.0796,13.397,12.556,5.931,74.465,13.0,0.5
14.0,1.072,0.9326,0.0691,0.0741,14.464,13.489,6.419,86.59,14.0,0.5
15.0,1.078,0.9279,0.0644,0.0694,15.537,14.417,6.907,99.574,15.0,0.5
16.0,1.083,0.9233,0.0602,0.0652,16.614,15.34,7.394,113.427,16.0,0.5
17.0,1.088,0.9187,0.0565,0.0615,17.697,16.259,7.88,128.125,17.0,0.5
18.0,1.094,0.9141,0.0532,0.0582,18.786,17.173,8.366,143.668,18.0,0.5
19.0,1.099,0.9096,0.0503,0.0553,19.88,18.082,8.85,160.037,19.0,0.5
20.0,1.105,0.9051,0.0477,0.0527,20.979,18.987,9.334,177.237,20.0,0.5
21.0,1.11,0.9006,0.0453,0.0503,22.084,19.888,9.817,195.245,21.0,0.5
22.0,1.116,0.8961,0.0431,0.0481,23.194,20.784,10.3,214.07,22.0,0.5
23.0,1.122,0.8916,0.0411,0.0461,24.31,21.676,10.781,233.68,23.0,0.5
24.0,1.127,0.8872,0.0393,0.0443,25.432,22.563,11.261,254.088,24.0,0.5
25.0,1.133,0.8828,0.0377,0.0427,26.559,23.446,11.741,275.273,25.0,0.5
26.0,1.138,0.8784,0.0361,0.0411,27.692,24.324,12.22,297.233,26.0,0.5
27.0,1.144,0.874,0.0347,0.0397,28.83,25.198,12.698,319.955,27.0,0.5
28.0,1.15,0.8697,0.0334,0.0384,29.975,26.068,13.175,343.439,28.0,0.5
29.0,1.156,0.8653,0.0321,0.0371,31.124,26.933,13.651,367.672,29.0,0.5
30.0,1.161,0.861,0.031,0.036,32.28,27.794,14.127,392.64,30.0,0.5
36.0,1.197,0.8356,0.0254,0.0304,39.336,32.871,16.962,557.564,36.0,0.5
40.0,1.221,0.8191,0.0226,0.0276,44.159,36.172,18.836,681.341,40.0,0.5
48.0,1.27,0.7871,0.0185,0.0235,54.098,42.58,22.544,959.928,48.0,0.5
50.0,1.283,0.7793,0.0177,0.0227,56.645,44.143,23.463,1035.7,50.0,0.5
52.0,1.296,0.7716,0.0169,0.0219,59.218,45.69,24.378,1113.82,52.0,0.5
60.0,1.349,0.7414,0.0143,0.0193,69.77,51.726,28.007,1448.65,60.0,0.5
70.0,1.418,0.7053,0.012,0.017,83.566,58.939,32.468,1913.65,70.0,0.5
72.0,1.432,0.6983,0.0116,0.0166,86.409,60.34,33.351,2012.35,72.0,0.5
80.0,1.49,0.671,0.0102,0.0152,98.068,65.802,36.848,2424.65,80.0,0.5
84.0,1.52,0.6577,0.00961,0.0146,104.074,68.453,38.576,2640.67,84.0,0.5
90.0,1.567,0.6383,0.00883,0.0138,113.311,72.331,41.145,2976.08,90.0,0.5
96.0,1.614,0.6195,0.00814,0.0131,122.829,76.095,43.685,3324.19,96.0,0.5
100.0,1.647,0.6073,0.00773,0.0127,129.334,78.543,45.361,3562.8,100.0,0.5
1.0,1.008,0.9926,1.0,1.0075,1.0,0.993,0.0,0.0,1.0,0.75
2.0,1.015,0.9852,0.4981,0.5056,2.008,1.978,0.499,0.987,2.0,0.75
3.0,1.023,0.9778,0.3308,0.3383,3.023,2.956,0.996,2.943,3.0,0.75
4.0,1.03,0.9706,0.2472,0.2547,4.045,3.926,1.492,5.857,4.0,0.75
5.0,1.038,0.9633,0.197,0.2045,5.076,4.889,1.986,9.712,5.0,0.75
6.0,1.046,0.9562,0.1636,0.1711,6.114,5.846,2.479,14.494,6.0,0.75
7.0,1.054,0.949,0.1397,0.1472,7.16,6.795,2.971,20.187,7.0,0.75
8.0,1.062,0.942,0.1218,0.1293,8.213,7.737,3.462,26.785,8.0,0.75
9.0,1.07,0.935,0.1078,0.1153,9.275,8.672,3.951,34.265,9.0,0.75
10.0,1.078,0.928,0.0967,0.1042,10.344,9.6,4.44,42.619,10.0,0.75
11.0,1.086,0.9211,0.0876,0.0951,11.422,10.521,4.927,51.831,11.0,0.75
12.0,1.094,0.9142,0.08,0.0875,12.508,11.435,5.412,61.889,12.0,0.75
13.0,1.102,0.9074,0.0735,0.081,13.602,12.342,5.897,72.779,13.0,0.75
14.0,1.11,0.9007,0.068,0.0755,14.704,13.243,6.38,84.491,14.0,0.75
15.0,1.119,0.894,0.0632,0.0707,15.814,14.137,6.862,97.005,15.0,0.75
16.0,1.127,0.8873,0.0591,0.0666,16.932,15.024,7.343,110.318,16.0,0.75
17.0,1.135,0.8807,0.0554,0.0629,18.059,15.905,7.822,124.41,17.0,0.75
18.0,1.144,0.8742,0.0521,0.0596,19.195,16.779,8.3,139.273,18.0,0.75
19.0,1.153,0.8676,0.0492,0.0567,20.339,17.647,8.777,154.891,19.0,0.75
20.0,1.161,0.8612,0.0465,0.054,21.491,18.508,9.253,171.254,20.0,0.75
21.0,1.17,0.8548,0.0441,0.0516,22.653,19.363,9.727,188.352,21.0,0.75
22.0,1.179,0.8484,0.042,0.0495,23.823,20.211,10.201,206.17,22.0,0.75
23.0,1.188,0.8421,0.04,0.0475,25.001,21.053,10.673,224.695,23.0,0.75
24.0,1.196,0.8358,0.0382,0.0457,26.189,21.889,11.143,243.924,24.0,0.75
25.0,1.205,0.8296,0.0365,0.044,27.385,22.719,11.613,263.834,25.0,0.75
26.0,1.214,0.8234,0.035,0.0425,28.591,23.542,12.081,284.421,26.0,0.75
27.0,1.224,0.8173,0.0336,0.0411,29.805,24.36,12.548,305.672,27.0,0.75
28.0,1.233,0.8112,0.0322,0.0397,31.029,25.171,13.014,327.576,28.0,0.75
29.0,1.242,0.8052,0.031,0.0385,32.261,25.976,13.479,350.122,29.0,0.75
30.0,1.251,0.7992,0.0298,0.0373,33.503,26.775,13.942,373.302,30.0,0.75
36.0,1.309,0.7641,0.0243,0.0318,41.153,31.447,16.696,525.038,36.0,0.75
40.0,1.348,0.7416,0.0215,0.029,46.447,34.447,18.507,637.519,40.0,0.75
48.0,1.431,0.6986,0.0174,0.0249,57.521,40.185,22.07,886.899,48.0,0.75
50.0,1.453,0.6882,0.0166,0.0241,60.395,41.567,22.949,953.911,50.0,0.75
52.0,1.475,0.678,0.0158,0.0233,63.312,42.928,23.822,1022.64,52.0,0.75
60.0,1.566,0.6387,0.0133,0.0208,75.425,48.174,27.268,1313.59,60.0,0.75
70.0,1.687,0.5927,0.0109,0.0184,91.621,54.305,31.465,1708.68,70.0,0.75
72.0,1.713,0.5839,0.0105,0.018,95.008,55.477,32.289,1791.33,72.0,0.75
80.0,1.818,0.55,0.00917,0.0167,109.074,59.995,35.54,2132.23,80.0,0.75
84.0,1.873,0.5338,0.00859,0.0161,116.428,62.154,37.137,2308.22,84.0,0.75
90.0,1.959,0.5104,0.00782,0.0153,127.881,65.275,39.496,2578.09,90.0,0.75
96.0,2.049,0.4881,0.00715,0.0147,139.858,68.259,41.812,2854.04,96.0,0.75
100.0,2.111,0.4737,0.00675,0.0143,148.147,70.175,43.332,3040.85,100.0,0.75
1.0,1.01,0.9901,1.0,1.01,1.0,0.99,0.0,0.0,1.0,1.0
2.0,1.02,0.9803,0.4975,0.5075,2.01,1.97,0.498,0.98,2.0,1.0
3.0,1.03,0.9706,0.33,0.34,3.03,2.941,0.993,2.921,3.0,1.0
4.0,1.041,0.961,0.2463,0.2563,4.06,3.902,1.488,5.804,4.0,1.0
5.0,1.051,0.9515,0.196,0.206,5.101,4.853,1.98,9.61,5.0,1.0
6.0,1.062,0.942,0.1625,0.1725,6.152,5.795,2.471,14.32,6.0,1.0
7.0,1.072,0.9327,0.1386,0.1486,7.214,6.728,2.96,19.917,7.0,1.0
8.0,1.083,0.9235,0.1207,0.1307,8.286,7.652,3.448,26.381,8.0,1.0
9.0,1.094,0.9143,0.1067,0.1167,9.369,8.566,3.934,33.695,9.0,1.0
10.0,1.105,0.9053,0.0956,0.1056,10.462,9.471,4.418,41.843,10.0,1.0
11.0,1.116,0.8963,0.0865,0.0965,11.567,10.368,4.9,50.806,11.0,1.0
12.0,1.127,0.8874,0.0788,0.0888,12.682,11.255,5.381,60.568,12.0,1.0
13.0,1.138,0.8787,0.0724,0.0824,13.809,12.134,5.861,71.112,13.0,1.0
14.0,1.149,0.87,0.0669,0.0769,14.947,13.004,6.338,82.422,14.0,1.0
15.0,1.161,0.8613,0.0621,0.0721,16.097,13.865,6.814,94.481,15.0,1.0
16.0,1.173,0.8528,0.0579,0.0679,17.258,14.718,7.289,107.273,16.0,1.0
17.0,1.184,0.8444,0.0543,0.0643,18.43,15.562,7.761,120.783,17.0,1.0
18.0,1.196,0.836,0.051,0.061,19.615,16.398,8.232,134.995,18.0,1.0
19.0,1.208,0.8277,0.0481,0.0581,20.811,17.226,8.702,149.895,19.0,1.0
20.0,1.22,0.8195,0.0454,0.0554,22.019,18.046,9.169,165.465,20.0,1.0
21.0,1.232,0.8114,0.043,0.053,23.239,18.857,9.635,181.694,21.0,1.0
22.0,1.245,0.8034,0.0409,0.0509,24.472,19.66,10.1,198.565,22.0,1.0
23.0,1.257,0.7954,0.0389,0.0489,25.716,20.456,10.563,216.065,23.0,1.0
24.0,1.27,0.7876,0.0371,0.0471,26.973,21.243,11.024,234.179,24.0,1.0
25.0,1.282,0.7798,0.0354,0.0454,28.243,22.023,11.483,252.892,25.0,1.0
26.0,1.295,0.772,0.0339,0.0439,29.526,22.795,11.941,272.195,26.0,1.0
27.0,1.308,0.7644,0.0324,0.0424,30.821,23.56,12.397,292.069,27.0,1.0
28.0,1.321,0.7568,0.0311,0.0411,32.129,24.316,12.852,312.504,28.0,1.0
29.0,1.335,0.7493,0.0299,0.0399,33.45,25.066,13.304,333.486,29.0,1.0
30.0,1.348,0.7419,0.0287,0.0387,34.785,25.808,13.756,355.001,30.0,1.0
36.0,1.431,0.6989,0.0232,0.0332,43.077,30.107,16.428,494.62,36.0,1.0
40.0,1.489,0.6717,0.0205,0.0305,48.886,32.835,18.178,596.854,40.0,1.0
48.0,1.612,0.6203,0.0163,0.0263,61.223,37.974,21.598,820.144,48.0,1.0
50.0,1.645,0.608,0.0155,0.0255,64.463,39.196,22.436,879.417,50.0,1.0
52.0,1.678,0.5961,0.0148,0.0248,67.769,40.394,23.269,939.916,52.0,1.0
60.0,1.817,0.5504,0.0122,0.0222,81.67,44.955,26.533,1192.8,60.0,1.0
70.0,2.007,0.4983,0.00993,0.0199,100.676,50.168,30.47,1528.64,70.0,1.0
72.0,2.047,0.4885,0.00955,0.0196,104.71,51.15,31.239,1597.86,72.0,1.0
80.0,2.217,0.4511,0.00822,0.0182,121.671,54.888,34.249,1879.87,80.0,1.0
84.0,2.307,0.4335,0.00765,0.0177,130.672,56.648,35.717,2023.31,84.0,1.0
90.0,2.449,0.4084,0.0069,0.0169,144.863,59.161,37.872,2240.56,90.0,1.0
96.0,2.599,0.3847,0.00625,0.0163,159.927,61.528,39.973,2459.42,96.0,1.0
100.0,2.705,0.3697,0.00587,0.0159,170.481,63.029,41.343,2605.77,100.0,1.0
1.0,1.015,0.9852,1.0,1.015,1.0,0.985,0.0,0.0,1.0,1.5
2.0,1.03,0.9707,0.4963,0.5113,2.015,1.956,0.496,0.97,2.0,1.5
3.0,1.046,0.9563,0.3284,0.3434,3.045,2.912,0.99,2.883,3.0,1.5
4.0,1.061,0.9422,0.2444,0.2594,4.091,3.854,1.481,5.709,4.0,1.5
5.0,1.077,0.9283,0.1941,0.2091,5.152,4.783,1.97,9.422,5.0,1.5
6.0,1.093,0.9145,0.1605,0.1755,6.23,5.697,2.456,13.994,6.0,1.5
7.0,1.11,0.901,0.1366,0.1516,7.323,6.598,2.94,19.4,7.0,1.5
8.0,1.126,0.8877,0.1186,0.1336,8.433,7.486,3.422,25.614,8.0,1.5
9.0,1.143,0.8746,0.1046,0.1196,9.559,8.36,3.901,32.61,9.0,1.5
10.0,1.161,0.8617,0.0934,0.1084,10.703,9.222,4.377,40.365,10.0,1.5
11.0,1.178,0.8489,0.0843,0.0993,11.863,10.071,4.851,48.855,11.0,1.5
12.0,1.196,0.8364,0.0767,0.0917,13.041,10.907,5.322,58.054,12.0,1.5
13.0,1.214,0.824,0.0702,0.0852,14.237,11.731,5.791,67.943,13.0,1.5
14.0,1.232,0.8118,0.0647,0.0797,15.45,12.543,6.258,78.496,14.0,1.5
15.0,1.25,0.7999,0.0599,0.0749,16.682,13.343,6.722,89.694,15.0,1.5
16.0,1.269,0.788,0.0558,0.0708,17.932,14.131,7.184,101.514,16.0,1.5
17.0,1.288,0.7764,0.0521,0.0671,19.201,14.908,7.643,113.937,17.0,1.5
18.0,1.307,0.7649,0.0488,0.0638,20.489,15.673,8.1,126.94,18.0,1.5
19.0,1.327,0.7536,0.0459,0.0609,21.797,16.426,8.554,140.505,19.0,1.5
20.0,1.347,0.7425,0.0432,0.0582,23.124,17.169,9.005,154.611,20.0,1.5
21.0,1.367,0.7315,0.0409,0.0559,24.47,17.9,9.455,169.241,21.0,1.5
22.0,1.388,0.7207,0.0387,0.0537,25.837,18.621,9.902,184.375,22.0,1.5
23.0,1.408,0.71,0.0367,0.0517,27.225,19.331,10.346,199.996,23.0,1.5
24.0,1.43,0.6995,0.0349,0.0499,28.633,20.03,10.788,216.085,24.0,1.5
25.0,1.451,0.6892,0.0333,0.0483,30.063,20.72,11.227,232.626,25.0,1.5
26.0,1.473,0.679,0.0317,0.0467,31.514,21.399,11.664,249.601,26.0,1.5
27.0,1.495,0.669,0.0303,0.0453,32.987,22.068,12.099,266.995,27.0,1.5
28.0,1.517,0.6591,0.029,0.044,34.481,22.727,12.531,284.79,28.0,1.5
29.0,1.54,0.6494,0.0278,0.0428,35.999,23.376,12.961,302.972,29.0,1.5
30.0,1.563,0.6398,0.0266,0.0416,37.539,24.016,13.388,321.525,30.0,1.5
36.0,1.709,0.5851,0.0212,0.0362,47.276,27.661,15.901,439.823,36.0,1.5
40.0,1.814,0.5513,0.0184,0.0334,54.268,29.916,17.528,524.349,40.0,1.5
48.0,2.043,0.4894,0.0144,0.0294,69.565,34.042,20.666,703.537,48.0,1.5
50.0,2.105,0.475,0.0136,0.0286,73.682,35.0,21.428,749.955,50.0,1.5
52.0,2.169,0.4611,0.0128,0.0278,77.925,35.929,22.179,796.868,52.0,1.5
60.0,2.443,0.4093,0.0104,0.0254,96.214,39.38,25.093,988.157,60.0,1.5
70.0,2.835,0.3527,0.00817,0.0232,122.363,43.155,28.529,1231.15,70.0,1.5
72.0,2.921,0.3423,0.00781,0.0228,128.076,43.845,29.189,1279.78,72.0,1.5
80.0,3.291,0.3039,0.00655,0.0215,152.71,46.407,31.742,1473.06,80.0,1.5
84.0,3.493,0.2863,0.00602,0.021,166.172,47.579,32.967,1568.5,84.0,1.5
90.0,3.819,0.2619,0.00532,0.0203,187.929,49.21,34.74,1709.53,90.0,1.5
96.0,4.176,0.2395,0.00472,0.0197,211.719,50.702,36.438,1847.46,96.0,1.5
100.0,4.432,0.2256,0.00437,0.0194,228.802,51.625,37.529,1937.43,100.0,1.5
1.0,1.018,0.9828,1.0,1.0175,1.0,0.983,0.0,0.0,1.0,1.75
2.0,1.035,0.9659,0.4957,0.5132,2.018,1.949,0.496,0.966,2.0,1.75
3.0,1.053,0.9493,0.3276,0.3451,3.053,2.898,0.989,2.865,3.0,1.75
4.0,1.072,0.933,0.2435,0.261,4.106,3.831,1.478,5.664,4.0,1.75
5.0,1.091,0.9169,0.1931,0.2106,5.178,4.748,1.965,9.332,5.0,1.75
6.0,1.11,0.9011,0.1595,0.177,6.269,5.649,2.45,13.837,6.0,1.75
7.0,1.129,0.8856,0.1355,0.153,7.378,6.535,2.931,19.152,7.0,1.75
8.0,1.149,0.8704,0.1175,0.135,8.508,7.405,3.409,25.245,8.0,1.75
9.0,1.169,0.8554,0.1036,0.1211,9.656,8.261,3.885,32.088,9.0,1.75
10.0,1.189,0.8407,0.0924,0.1099,10.825,9.101,4.357,39.655,10.0,1.75
11.0,1.21,0.8263,0.0832,0.1007,,9.928,4.827,47.918,11.0,1.75
12.0,1.231,0.8121,0.0756,0.0931,13.225,10.74,5.294,56.851,12.0,1.75
13.0,1.253,0.7981,0.0692,0.0867,14.457,11.538,5.758,66.428,13.0,1.75
14.0,1.275,0.7844,0.0637,0.0812,15.71,12.322,6.219,76.625,14.0,1.75
15.0,1.297,0.7709,0.0589,0.0764,16.985,13.093,6.677,87.417,15.0,1.75
16.0,1.32,0.7576,0.0547,0.0722,18.282,13.851,7.132,98.782,16.0,1.75
17.0,1.343,0.7446,0.051,0.0685,19.602,14.595,7.584,110.695,17.0,1.75
18.0,1.367,0.7318,0.0477,0.0652,20.945,15.327,8.034,123.136,18.0,1.75
19.0,1.39,0.7192,0.0448,0.0623,22.311,16.046,8.481,136.081,19.0,1.75
20.0,1.415,0.7068,0.0422,0.0597,23.702,16.753,8.924,149.511,20.0,1.75
21.0,1.44,0.6947,0.0398,0.0573,25.116,17.448,9.365,163.405,21.0,1.75
22.0,1.465,0.6827,0.0377,0.0552,26.556,18.13,9.804,177.742,22.0,1.75
23.0,1.49,0.671,0.0357,0.0532,28.021,18.801,10.239,192.503,23.0,1.75
24.0,1.516,0.6594,0.0339,0.0514,29.511,19.461,10.671,207.671,24.0,1.75
25.0,1.543,0.6481,0.0322,0.0497,31.028,20.109,11.101,223.225,25.0,1.75
26.0,1.57,0.6369,0.0307,0.0482,32.571,20.746,11.528,239.149,26.0,1.75
27.0,1.597,0.626,0.0293,0.0468,34.141,21.372,11.952,255.425,27.0,1.75
28.0,1.625,0.6152,0.028,0.0455,35.738,21.987,12.373,272.036,28.0,1.75
29.0,1.654,0.6046,0.0268,0.0443,37.363,22.592,12.791,288.967,29.0,1.75
30.0,1.683,0.5942,0.0256,0.0431,39.017,23.186,13.206,306.2,30.0,1.75
36.0,1.867,0.5355,0.0202,0.0377,49.566,26.543,15.64,415.13,36.0,1.75
40.0,2.002,0.4996,0.0175,0.035,57.234,28.594,17.207,492.017,40.0,1.75
48.0,2.3,0.4349,0.0135,0.031,74.263,32.294,20.209,652.612,48.0,1.75
50.0,2.381,0.42,0.0127,0.0302,78.903,33.141,20.932,693.708,50.0,1.75
52.0,2.465,0.4057,0.0119,0.0294,83.706,33.96,21.644,735.039,52.0,1.75
60.0,2.832,0.3531,0.00955,0.0271,104.676,36.964,24.389,901.503,60.0,1.75
70.0,3.368,0.2969,0.00739,0.0249,135.331,40.178,27.586,1108.34,70.0,1.75
72.0,3.487,0.2868,0.00704,0.0245,142.127,40.757,28.195,1149.12,72.0,1.75
80.0,4.006,0.2496,0.00582,0.0233,171.795,42.88,30.533,1309.25,80.0,1.75
84.0,4.294,0.2329,0.00531,0.0228,188.246,43.836,31.644,1387.16,84.0,1.75
90.0,4.765,0.2098,0.00465,0.0221,215.166,45.152,33.241,1500.88,90.0,1.75
96.0,5.288,0.1891,0.00408,0.0216,245.039,46.337,34.756,1610.48,96.0,1.75
100.0,5.668,0.1764,0.00375,0.0212,266.753,47.062,35.721,1681.09,100.0,1.75
1.0,1.025,0.9756,1.0,1.025,1.0,0.976,0.0,0.0,1.0,2.5
2.0,1.051,0.9518,0.4938,0.5188,2.025,1.927,0.494,0.952,2.0,2.5
3.0,1.077,0.9286,0.3251,0.3501,3.076,2.856,0.984,2.809,3.0,2.5
4.0,1.104,0.906,0.2408,0.2658,4.153,3.762,1.469,5.527,4.0,2.5
5.0,1.131,0.8839,0.1902,0.2152,5.256,4.646,1.951,9.062,5.0,2.5
6.0,1.16,0.8623,0.1566,0.1816,6.388,5.508,2.428,13.374,6.0,2.5
7.0,1.189,0.8413,0.1325,0.1575,7.547,6.349,2.901,18.421,7.0,2.5
8.0,1.218,0.8207,0.1145,0.1395,8.736,7.17,3.37,24.166,8.0,2.5
9.0,1.249,0.8007,0.1005,0.1255,9.955,7.971,3.835,30.572,9.0,2.5
10.0,1.28,0.7812,0.0893,0.1143,11.203,8.752,4.296,37.603,10.0,2.5
11.0,1.312,0.7621,0.0801,0.1051,12.483,9.514,4.753,45.224,11.0,2.5
12.0,1.345,0.7436,0.0725,0.0975,13.796,10.258,5.206,53.403,12.0,2.5
13.0,1.379,0.7254,0.066,0.091,15.14,10.983,5.655,62.108,13.0,2.5
14.0,1.413,0.7077,0.0605,0.0855,16.519,11.691,6.1,71.309,14.0,2.5
15.0,1.448,0.6905,0.0558,0.0808,17.932,12.381,6.54,80.975,15.0,2.5
16.0,1.485,0.6736,0.0516,0.0766,19.38,13.055,6.977,91.08,16.0,2.5
17.0,1.522,0.6572,0.0479,0.0729,20.865,13.712,7.409,101.595,17.0,2.5
18.0,1.56,0.6412,0.0447,0.0697,22.386,14.353,7.838,112.495,18.0,2.5
19.0,1.599,0.6255,0.0418,0.0668,23.946,14.979,8.262,123.754,19.0,2.5
20.0,1.639,0.6103,0.0391,0.0641,25.545,15.589,8.682,135.349,20.0,2.5
21.0,1.68,0.5954,0.0368,0.0618,27.183,16.185,9.099,147.257,21.0,2.5
22.0,1.722,0.5809,0.0346,0.0596,28.863,16.765,9.511,159.455,22.0,2.5
23.0,1.765,0.5667,0.0327,0.0577,30.584,17.332,9.919,171.922,23.0,2.5
24.0,1.809,0.5529,0.0309,0.0559,32.349,17.885,10.324,184.638,24.0,2.5
25.0,1.854,0.5394,0.0293,0.0543,34.158,18.424,10.724,197.584,25.0,2.5
26.0,1.9,0.5262,0.0278,0.0528,36.012,18.951,11.12,210.74,26.0,2.5
27.0,1.948,0.5134,0.0264,0.0514,37.912,19.464,11.513,224.088,27.0,2.5
28.0,1.996,0.5009,0.0251,0.0501,39.86,19.965,11.901,237.612,28.0,2.5
29.0,2.046,0.4887,0.0239,0.0489,41.856,20.454,12.286,251.294,29.0,2.5
30.0,2.098,0.4767,0.0228,0.0478,43.903,20.93,12.667,265.12,30.0,2.5
31.0,2.15,0.4651,0.0217,0.0467,46.0,21.395,13.044,279.073,31.0,2.5
32.0,2.204,0.4538,0.0208,0.0458,48.15,24.849,13.417,293.14,32.0,2.5
33.0,2.259,0.4427,0.0199,0.0449,50.354,22.292,13.786,307.306,33.0,2.5
34.0,2.315,0.4319,0.019,0.044,52.613,22.724,14.151,321.559,34.0,2.5
35.0,2.373,0.4214,0.0182,0.0432,54.928,23.145,14.512,335.886,35.0,2.5
40.0,2.685,0.3724,0.0148,0.0398,67.402,25.103,16.262,408.221,40.0,2.5
45.0,3.038,0.3292,0.0123,0.0373,81.516,26.833,17.918,480.806,45.0,2.5
50.0,3.437,0.2909,0.0103,0.0353,97.484,28.362,19.484,552.607,50.0,2.5
55.0,3.889,0.2572,0.00865,0.0337,115.551,29.714,20.961,622.827,55.0,2.5
60.0,4.4,0.2273,0.00735,0.0324,135.991,30.909,22.352,690.865,60.0,2.5
65.0,4.978,0.2009,0.00628,0.0313,159.118,31.965,23.66,756.28,65.0,2.5
70.0,5.632,0.1776,0.0054,0.0304,185.284,32.898,24.888,818.763,70.0,2.5
75.0,6.372,0.1569,0.00465,0.0297,214.888,33.723,26.039,878.114,75.0,2.5
80.0,7.21,0.1387,0.00403,0.029,248.382,34.452,27.117,934.217,80.0,2.5
85.0,8.157,0.1226,0.00349,0.0285,286.278,35.096,28.123,987.026,85.0,2.5
90.0,9.229,0.1084,0.00304,0.028,329.154,35.666,29.063,1036.54,90.0,2.5
95.0,10.442,0.0958,0.00265,0.0276,377.663,36.169,29.938,1082.83,95.0,2.5
100.0,11.814,0.0846,0.00231,0.0273,432.548,36.614,30.752,1125.97,100.0,2.5
1.0,1.05,0.9524,1.0,1.05,1.0,0.952,0.0,0.0,1.0,5.0
2.0,1.102,0.907,0.4878,0.5378,2.05,1.859,0.488,0.907,2.0,5.0
3.0,1.158,0.8638,0.3172,0.3672,3.152,2.723,0.967,2.635,3.0,5.0
4.0,1.216,0.8227,0.232,0.282,4.31,3.546,1.439,5.103,4.0,5.0
5.0,1.276,0.7835,0.181,0.231,5.526,4.329,1.902,8.237,5.0,5.0
6.0,1.34,0.7462,0.147,0.197,6.802,5.076,2.358,11.968,6.0,5.0
7.0,1.407,0.7107,0.1228,0.1728,8.142,5.786,2.805,16.232,7.0,5.0
8.0,1.477,0.6768,0.1047,0.1547,9.549,6.463,3.244,20.97,8.0,5.0
9.0,1.551,0.6446,0.0907,0.1407,11.027,7.108,3.676,26.127,9.0,5.0
10.0,1.629,0.6139,0.0795,0.1295,12.578,7.722,4.099,31.652,10.0,5.0
11.0,1.71,0.5847,0.0704,0.1204,14.207,8.306,4.514,37.499,11.0,5.0
12.0,1.796,0.5568,0.0628,0.1128,15.917,8.863,4.922,43.624,12.0,5.0
13.0,1.886,0.5303,0.0565,0.1065,17.713,9.394,5.321,49.988,13.0,5.0
14.0,1.98,0.5051,0.051,0.101,19.599,9.899,5.713,56.553,14.0,5.0
15.0,2.079,0.481,0.0463,0.0963,21.579,10.38,6.097,63.288,15.0,5.0
16.0,2.183,0.4581,0.0423,0.0923,23.657,10.838,6.474,70.159,16.0,5.0
17.0,2.292,0.4363,0.0387,0.0887,25.84,11.274,6.842,77.14,17.0,5.0
18.0,2.407,0.4155,0.0355,0.0855,28.132,11.69,7.203,84.204,18.0,5.0
19.0,2.527,0.3957,0.0327,0.0827,30.539,12.085,7.557,91.327,19.0,5.0
20.0,2.653,0.3769,0.0302,0.0802,33.066,12.462,7.903,98.488,20.0,5.0
21.0,2.786,0.3589,0.028,0.078,35.719,12.821,8.242,105.667,21.0,5.0
22.0,2.925,0.3419,0.026,0.076,38.505,13.163,8.573,112.846,22.0,5.0
23.0,3.072,0.3256,0.0241,0.0741,41.43,13.489,8.897,120.008,23.0,5.0
24.0,3.225,0.3101,0.0225,0.0725,44.502,13.799,9.214,127.14,24.0,5.0
25.0,3.386,0.2953,0.021,0.071,47.727,14.094,9.524,134.227,25.0,5.0
26.0,3.556,0.2812,0.0196,0.0696,51.113,14.375,9.827,141.258,26.0,5.0
27.0,3.733,0.2678,0.0183,0.0683,54.669,14.643,10.122,148.222,27.0,5.0
28.0,3.92,0.2551,0.0171,0.0671,58.402,14.898,10.411,155.11,28.0,5.0
29.0,4.116,0.2429,0.016,0.066,62.323,15.141,10.694,161.912,29.0,5.0
30.0,4.322,0.2314,0.0151,0.0651,66.439,15.372,10.969,168.622,30.0,5.0
31.0,4.538,0.2204,0.0141,0.0641,70.761,15.593,11.238,175.233,31.0,5.0
32.0,4.765,0.2099,0.0133,0.0633,75.299,15.803,11.501,181.739,32.0,5.0
33.0,5.003,0.1999,0.0125,0.0625,80.063,16.003,11.757,188.135,33.0,5.0
34.0,5.253,0.1904,0.0118,0.0618,85.067,16.193,12.006,194.416,34.0,5.0
35.0,5.516,0.1813,0.0111,0.0611,90.32,16.374,12.25,200.58,35.0,5.0
40.0,7.04,0.142,0.00828,0.0583,120.799,17.159,13.377,229.545,40.0,5.0
45.0,8.985,0.1113,0.00626,0.0563,159.699,17.774,14.364,255.314,45.0,5.0
50.0,11.467,0.0872,0.00478,0.0548,209.347,18.256,15.223,277.914,50.0,5.0
55.0,14.636,0.0683,0.00367,0.0537,272.711,18.633,15.966,297.51,55.0,5.0
60.0,18.679,0.0535,0.00283,0.0528,353.582,18.929,16.606,314.343,60.0,5.0
65.0,23.84,0.0419,0.00219,0.0522,456.795,19.161,17.154,328.691,65.0,5.0
70.0,30.426,0.0329,0.0017,0.0517,588.525,19.343,17.621,340.841,70.0,5.0
75.0,38.832,0.0258,0.00132,0.0513,756.649,19.485,18.018,351.072,75.0,5.0
80.0,49.561,0.0202,0.00103,0.051,971.222,19.596,18.353,359.646,80.0,5.0
85.0,63.254,0.0158,0.0008,0.0508,1245.1,19.684,18.635,366.8,85.0,5.0
90.0,80.73,0.0124,0.00063,0.0506,1594.6,19.752,18.871,372.749,90.0,5.0
95.0,103.034,0.00971,0.00049,0.0505,2040.7,19.806,19.069,377.677,95.0,5.0
100.0,131.5,0.0076,0.00038,0.0504,2610.0,19.848,19.234,381.749,100.0,5.0
1.0,1.07,0.9346,1.0,1.07,1.0,0.935,0.0,0.0,1.0,7.0
2.0,1.145,0.8734,0.4831,0.5531,2.07,1.808,0.483,0.873,2.0,7.0
3.0,1.225,0.8163,0.3111,0.3811,3.215,2.624,0.955,2.506,3.0,7.0
4.0,1.311,0.7629,0.2252,0.2952,4.44,3.387,1.416,4.795,4.0,7.0
5.0,1.403,0.713,0.1739,0.2439,5.751,4.1,1.865,7.647,5.0,7.0
6.0,1.501,0.6663,0.1398,0.2098,7.153,4.767,2.303,10.978,6.0,7.0
7.0,1.606,0.6227,0.1156,0.1856,8.654,5.389,2.73,14.715,7.0,7.0
8.0,1.718,0.582,0.0975,0.1675,10.26,5.971,3.147,18.789,8.0,7.0
9.0,1.838,0.5439,0.0835,0.1535,11.978,6.515,3.552,23.14,9.0,7.0
10.0,1.967,0.5083,0.0724,0.1424,13.816,7.024,3.946,27.716,10.0,7.0
11.0,2.105,0.4751,0.0634,0.1334,15.784,7.499,4.33,32.467,11.0,7.0
12.0,2.252,0.444,0.0559,0.1259,17.888,7.943,4.703,37.351,12.0,7.0
13.0,2.41,0.415,0.0497,0.1197,20.141,8.358,5.065,42.33,13.0,7.0
14.0,2.579,0.3878,0.0443,0.1143,22.551,8.745,5.417,47.372,14.0,7.0
15.0,2.759,0.3624,0.0398,0.1098,25.129,9.108,5.758,52.446,15.0,7.0
16.0,2.952,0.3387,0.0359,0.1059,27.888,9.447,6.09,57.527,16.0,7.0
17.0,3.159,0.3166,0.0324,0.1024,30.84,9.763,6.411,62.592,17.0,7.0
18.0,3.38,0.2959,0.0294,0.0994,33.999,10.059,6.722,67.622,18.0,7.0
19.0,3.617,0.2765,0.0268,0.0968,37.379,10.336,7.024,72.599,19.0,7.0
20.0,3.87,0.2584,0.0244,0.0944,40.996,10.594,7.316,77.509,20.0,7.0
21.0,4.141,0.2415,0.0223,0.0923,44.865,10.836,7.599,82.339,21.0,7.0
22.0,4.43,0.2257,0.0204,0.0904,49.006,11.061,7.872,87.079,22.0,7.0
23.0,4.741,0.2109,0.0187,0.0887,53.436,11.272,8.137,91.72,23.0,7.0
24.0,5.072,0.1971,0.0172,0.0872,58.177,11.469,8.392,96.255,24.0,7.0
25.0,5.427,0.1842,0.0158,0.0858,63.249,11.654,8.639,100.677,25.0,7.0
26.0,5.807,0.1722,0.0146,0.0846,68.677,11.826,8.877,104.981,26.0,7.0
27.0,6.214,0.1609,0.0134,0.0834,74.484,11.987,9.107,109.166,27.0,7.0
28.0,6.649,0.1504,0.0124,0.0824,80.698,12.137,9.329,113.227,28.0,7.0
29.0,7.114,0.1406,0.0114,0.0814,87.347,12.278,9.543,117.162,29.0,7.0
30.0,7.612,0.1314,0.0106,0.0806,94.461,12.409,9.749,120.972,30.0,7.0
31.0,8.145,0.1228,0.0098,0.0798,102.073,12.532,9.947,124.655,31.0,7.0
32.0,8.715,0.1147,0.00907,0.0791,110.218,12.647,10.138,128.212,32.0,7.0
33.0,9.325,0.1072,0.00841,0.0784,118.934,12.754,10.322,131.644,33.0,7.0
34.0,9.978,0.1002,0.0078,0.0778,128.259,12.854,10.499,134.951,34.0,7.0
35.0,10.677,0.0937,0.00723,0.0772,138.237,12.948,10.669,138.135,35.0,7.0
40.0,14.974,0.0668,0.00501,0.075,199.636,13.332,11.423,152.293,40.0,7.0
45.0,21.002,0.0476,0.0035,0.0735,285.75,13.606,12.036,163.756,45.0,7.0
50.0,29.457,0.0339,0.00246,0.0725,406.53,13.801,12.529,172.905,50.0,7.0
55.0,41.315,0.0242,0.00174,0.0717,575.93,13.94,12.921,180.124,55.0,7.0
60.0,57.947,0.0173,0.00123,0.0712,813.523,14.039,13.232,185.768,60.0,7.0
65.0,81.273,0.0123,0.00087,0.0709,1146.8,14.11,13.476,190.145,65.0,7.0
70.0,113.99,0.00877,0.00062,0.0706,1614.1,14.16,13.666,193.519,70.0,7.0
75.0,159.877,0.00625,0.00044,0.0704,2269.7,14.196,13.814,196.104,75.0,7.0
80.0,224.235,0.00446,0.00031,0.0703,3189.1,14.222,13.927,198.075,80.0,7.0
85.0,314.502,0.00318,0.00022,0.0702,4478.6,14.24,14.015,199.572,85.0,7.0
90.0,441.105,0.00227,0.00016,0.0702,6287.2,14.253,14.081,200.704,90.0,7.0
95.0,618.673,0.00162,0.00011,0.0701,8823.9,14.263,14.132,201.558,95.0,7.0
100.0,867.72,0.00115,8e-05,0.0701,12381.7,14.269,14.17,202.2,100.0,7.0
1.0,1.15,0.8696,1.0,1.15,1.0,0.87,0.0,0.0,1.0,15.0
2.0,1.322,0.7561,0.4651,0.6151,2.15,1.626,0.465,0.756,2.0,15.0
3.0,1.521,0.6575,0.288,0.438,3.472,2.283,0.907,2.071,3.0,15.0
4.0,1.749,0.5718,0.2003,0.3503,4.993,2.855,1.326,3.786,4.0,15.0
5.0,2.011,0.4972,0.1483,0.2983,6.742,3.352,1.723,5.775,5.0,15.0
6.0,2.313,0.4323,0.1142,0.2642,8.754,3.784,2.097,7.937,6.0,15.0
7.0,2.66,0.3759,0.0904,0.2404,11.067,4.16,2.45,10.192,7.0,15.0
8.0,3.059,0.3269,0.0729,0.2229,13.727,4.487,2.781,12.481,8.0,15.0
9.0,3.518,0.2843,0.0596,0.2096,16.786,4.772,3.092,14.755,9.0,15.0
10.0,4.046,0.2472,0.0493,0.1993,20.304,5.019,3.383,16.979,10.0,15.0
11.0,4.652,0.2149,0.0411,0.1911,24.349,5.234,3.655,19.129,11.0,15.0
12.0,5.35,0.1869,0.0345,0.1845,29.002,5.421,3.908,21.185,12.0,15.0
13.0,6.153,0.1625,0.0291,0.1791,34.352,5.583,4.144,23.135,13.0,15.0
14.0,7.076,0.1413,0.0247,0.1747,40.505,5.724,4.362,24.972,14.0,15.0
15.0,8.137,0.1229,0.021,0.171,47.58,5.847,4.565,26.693,15.0,15.0
16.0,9.358,0.1069,0.0179,0.1679,55.717,5.954,4.752,28.296,16.0,15.0
17.0,10.761,0.0929,0.0154,0.1654,65.075,6.047,4.925,29.783,17.0,15.0
18.0,12.375,0.0808,0.0132,0.1632,75.836,6.128,5.084,31.156,18.0,15.0
19.0,14.232,0.0703,0.0113,0.1613,88.212,6.198,5.231,32.421,19.0,15.0
20.0,16.367,0.0611,0.00976,0.1598,102.444,6.259,5.365,33.582,20.0,15.0
21.0,18.822,0.0531,0.00842,0.1584,118.81,6.312,5.488,34.645,21.0,15.0
22.0,21.645,0.0462,0.00727,0.1573,137.632,6.359,5.601,35.615,22.0,15.0
23.0,24.891,0.0402,0.00628,0.1563,159.276,6.399,5.704,36.499,23.0,15.0
24.0,28.625,0.0349,0.00543,0.1554,184.168,6.434,5.798,37.302,24.0,15.0
25.0,32.919,0.0304,0.0047,0.1547,212.793,6.464,5.883,38.031,25.0,15.0
26.0,37.857,0.0264,0.00407,0.1541,245.712,6.491,5.961,38.692,26.0,15.0
27.0,43.535,0.023,0.00353,0.1535,283.569,6.514,6.032,39.289,27.0,15.0
28.0,50.066,0.02,0.00306,0.1531,327.104,6.534,6.096,39.828,28.0,15.0
29.0,57.575,0.0174,0.00265,0.1527,377.17,6.551,6.154,40.315,29.0,15.0
30.0,66.212,0.0151,0.0023,0.1523,434.745,6.566,6.207,40.753,30.0,15.0
31.0,76.144,0.0131,0.002,0.152,500.957,6.579,6.254,41.147,31.0,15.0
32.0,87.565,0.0114,0.00173,0.1517,577.1,6.591,6.297,41.501,32.0,15.0
33.0,100.7,0.00993,0.0015,0.1515,664.666,6.6,6.336,41.818,33.0,15.0
34.0,115.805,0.00864,0.00131,0.1513,765.365,6.609,6.371,42.103,34.0,15.0
35.0,133.176,0.00751,0.00113,0.1511,881.17,6.617,6.402,42.359,35.0,15.0
40.0,267.864,0.00373,0.00056,0.1506,1779.1,6.642,6.517,43.283,40.0,15.0
45.0,538.769,0.00186,0.00028,0.1503,3585.1,6.654,6.583,43.805,45.0,15.0
50.0,1083.7,0.00092,0.00014,0.1501,7217.7,6.661,6.62,44.096,50.0,15.0
55.0,2179.6,0.00046,7e-05,0.1501,14524.1,6.664,6.641,44.256,55.0,15.0
60.0,4384.0,0.00023,3e-05,0.15,29220.0,6.665,6.653,44.343,60.0,15.0
65.0,8817.8,0.00011,2e-05,0.15,58778.6,6.666,6.659,44.39,65.0,15.0
70.0,17735.7,6e-05,1e-05,0.15,118231.5,6.666,6.663,44.416,70.0,15.0
75.0,35672.9,3e-05,,0.15,237812.5,6.666,6.665,44.429,75.0,15.0
80.0,71750.9,1e-05,,0.15,478332.6,6.667,6.666,44.436,80.0,15.0
85.0,144316.7,1e-05,,0.15,962104.4,6.667,6.666,44.44,85.0,15.0
1.0,1.18,0.8475,1.0,1.18,1.0,0.847,0.0,0.0,1.0,18.0
2.0,1.392,0.7182,0.4587,0.6387,2.18,1.566,0.459,0.718,2.0,18.0
3.0,1.643,0.6086,0.2799,0.4599,3.572,2.174,0.89,1.935,3.0,18.0
4.0,1.939,0.5158,0.1917,0.3717,5.215,2.69,1.295,3.483,4.0,18.0
5.0,2.288,0.4371,0.1398,0.3198,7.154,3.127,1.673,5.231,5.0,18.0
6.0,2.7,0.3704,0.1059,0.2859,9.442,3.498,2.025,7.083,6.0,18.0
7.0,3.185,0.3139,0.0824,0.2624,12.142,3.812,2.353,8.967,7.0,18.0
8.0,3.759,0.266,0.0652,0.2452,15.327,4.078,2.656,10.829,8.0,18.0
9.0,4.435,0.2255,0.0524,0.2324,19.086,4.303,2.936,12.633,9.0,18.0
10.0,5.234,0.1911,0.0425,0.2225,23.521,4.494,3.194,14.352,10.0,18.0
11.0,6.176,0.1619,0.0348,0.2148,28.755,4.656,3.43,15.972,11.0,18.0
12.0,7.288,0.1372,0.0286,0.2086,34.931,4.793,3.647,17.481,12.0,18.0
13.0,8.599,0.1163,0.0237,0.2037,42.219,4.91,3.845,18.877,13.0,18.0
14.0,10.147,0.0985,0.0197,0.1997,50.818,5.008,4.025,20.158,14.0,18.0
15.0,11.974,0.0835,0.0164,0.1964,60.965,5.092,4.189,21.327,15.0,18.0
16.0,14.129,0.0708,0.0137,0.1937,72.939,5.162,4.337,22.389,16.0,18.0
17.0,16.672,0.06,0.0115,0.1915,87.068,5.222,4.471,23.348,17.0,18.0
18.0,19.673,0.0508,0.00964,0.1896,103.74,5.273,4.592,24.212,18.0,18.0
19.0,23.214,0.0431,0.0081,0.1881,123.413,5.316,4.7,24.988,19.0,18.0
20.0,27.393,0.0365,0.00682,0.1868,146.628,5.353,4.798,25.681,20.0,18.0
21.0,32.324,0.0309,0.00575,0.1857,174.021,5.384,4.885,26.3,21.0,18.0
22.0,38.142,0.0262,0.00485,0.1848,206.345,5.41,4.963,26.851,22.0,18.0
23.0,45.008,0.0222,0.00409,0.1841,244.487,5.432,5.033,27.339,23.0,18.0
24.0,53.109,0.0188,0.00345,0.1835,289.494,5.451,5.095,27.772,24.0,18.0
25.0,62.669,0.016,0.00292,0.1829,342.603,5.467,5.15,28.155,25.0,18.0
26.0,73.949,0.0135,0.00247,0.1825,405.272,5.48,5.199,28.494,26.0,18.0
27.0,87.26,0.0115,0.00209,0.1821,479.221,5.492,5.243,28.791,27.0,18.0
28.0,102.966,0.00971,0.00177,0.1818,566.48,5.502,5.281,29.054,28.0,18.0
29.0,121.5,0.00823,0.00149,0.1815,669.447,5.51,5.315,29.284,29.0,18.0
30.0,143.37,0.00697,0.00126,0.1813,790.947,5.517,5.345,29.486,30.0,18.0
31.0,169.177,0.00591,0.00107,0.1811,934.317,5.523,5.371,29.664,31.0,18.0
32.0,199.629,0.00501,0.00091,0.1809,1103.5,5.528,5.394,29.819,32.0,18.0
33.0,235.562,0.00425,0.00077,0.1808,1303.1,5.532,5.415,29.955,33.0,18.0
34.0,277.963,0.0036,0.00065,0.1806,1538.7,5.536,5.433,30.074,34.0,18.0
35.0,327.997,0.00305,0.00055,0.1806,1816.6,5.539,5.449,30.177,35.0,18.0
40.0,750.377,0.00133,0.00024,0.1802,4163.2,5.548,5.502,30.527,40.0,18.0
45.0,1716.7,0.00058,0.0001,0.1801,9531.6,5.552,5.529,30.701,45.0,18.0
50.0,3927.3,0.00025,5e-05,0.18,21813.0,5.554,5.543,30.786,50.0,18.0
55.0,8984.8,0.00011,2e-05,0.18,49910.1,5.555,5.549,30.827,55.0,18.0
60.0,20555.1,5e-05,1e-05,0.18,114189.4,5.555,5.553,30.846,60.0,18.0
65.0,47025.1,2e-05,,0.18,261244.7,5.555,5.554,30.856,65.0,18.0
70.0,107581.9,1e-05,,0.18,597671.7,5.556,5.555,30.86,70.0,18.0
1.0,1.2,0.8333,1.0,1.2,1.0,0.833,0.0,0.0,1.0,20.0
2.0,1.44,0.6944,0.4545,0.6545,2.2,1.528,0.455,0.694,2.0,20.0
3.0,1.728,0.5787,0.2747,0.4747,3.64,2.106,0.879,1.852,3.0,20.0
4.0,2.074,0.4823,0.1863,0.3863,5.368,2.589,1.274,3.299,4.0,20.0
5.0,2.488,0.4019,0.1344,0.3344,7.442,2.991,1.641,4.906,5.0,20.0
6.0,2.986,0.3349,0.1007,0.3007,9.93,3.326,1.979,6.581,6.0,20.0
7.0,3.583,0.2791,0.0774,0.2774,12.916,3.605,2.29,8.255,7.0,20.0
8.0,4.3,0.2326,0.0606,0.2606,16.499,3.837,2.576,9.883,8.0,20.0
9.0,5.16,0.1938,0.0481,0.2481,20.799,4.031,2.836,11.434,9.0,20.0
10.0,6.192,0.1615,0.0385,0.2385,25.959,4.192,3.074,12.887,10.0,20.0
11.0,7.43,0.1346,0.0311,0.2311,32.15,4.327,3.289,14.233,11.0,20.0
12.0,8.916,0.1122,0.0253,0.2253,39.581,4.439,3.484,15.467,12.0,20.0
13.0,10.699,0.0935,0.0206,0.2206,48.497,4.533,3.66,16.588,13.0,20.0
14.0,12.839,0.0779,0.0169,0.2169,59.196,4.611,3.817,17.601,14.0,20.0
15.0,15.407,0.0649,0.0139,0.2139,72.035,4.675,3.959,18.509,15.0,20.0
16.0,18.488,0.0541,0.0114,0.2114,87.442,4.73,4.085,19.321,16.0,20.0
17.0,22.186,0.0451,0.00944,0.2094,105.931,4.775,4.198,20.042,17.0,20.0
18.0,26.623,0.0376,0.00781,0.2078,128.117,4.812,4.298,20.68,18.0,20.0
19.0,31.948,0.0313,0.00646,0.2065,154.74,4.843,4.386,21.244,19.0,20.0
20.0,38.338,0.0261,0.00536,0.2054,186.688,4.87,4.464,21.739,20.0,20.0
21.0,46.005,0.0217,0.00444,0.2044,225.026,4.891,4.533,22.174,21.0,20.0
22.0,55.206,0.0181,0.00369,0.2037,271.031,4.909,4.594,22.555,22.0,20.0
23.0,66.247,0.0151,0.00307,0.2031,326.237,4.925,4.647,22.887,23.0,20.0
24.0,79.497,0.0126,0.00255,0.2025,392.484,4.937,4.694,23.176,24.0,20.0
25.0,95.396,0.0105,0.00212,0.2021,471.981,4.948,4.735,23.428,25.0,20.0
26.0,114.475,0.00874,0.00176,0.2018,567.377,4.956,4.771,23.646,26.0,20.0
27.0,137.371,0.00728,0.00147,0.2015,681.853,4.964,4.802,23.835,27.0,20.0
28.0,164.845,0.00607,0.00122,0.2012,819.223,4.97,4.829,23.999,28.0,20.0
29.0,197.814,0.00506,0.00102,0.201,984.068,4.975,4.853,24.141,29.0,20.0
30.0,237.376,0.00421,0.00085,0.2008,1181.9,4.979,4.873,24.263,30.0,20.0
31.0,284.852,0.00351,0.0007,0.2007,1419.3,4.982,4.891,24.368,31.0,20.0
32.0,341.822,0.00293,0.00059,0.2006,1704.1,4.985,4.906,24.459,32.0,20.0
33.0,410.186,0.00244,0.00049,0.2005,2045.9,4.988,4.919,24.537,33.0,20.0
34.0,492.224,0.00203,0.00041,0.2004,2456.1,4.99,4.931,24.604,34.0,20.0
35.0,590.668,0.00169,0.00034,0.2003,2948.3,4.992,4.941,24.661,35.0,20.0
40.0,1469.8,0.00068,0.00014,0.2001,7343.9,4.997,4.973,24.847,40.0,20.0
45.0,3657.3,0.00027,5e-05,0.2001,18281.3,4.999,4.988,24.932,45.0,20.0
50.0,9100.4,0.00011,2e-05,0.2,45497.2,4.999,4.995,24.97,50.0,20.0
55.0,22644.8,4e-05,1e-05,0.2,113219.0,5.0,4.998,24.987,55.0,20.0
60.0,56347.5,2e-05,,0.2,281732.6,5.0,4.999,24.994,60.0,20.0
1.0,1.25,0.8,1.0,1.25,1.0,0.8,0.0,0.0,1.0,25.0
2.0,1.563,0.64,0.4444,0.6944,2.25,1.44,0.444,0.64,2.0,25.0
3.0,1.953,0.512,0.2623,0.5123,3.813,1.952,0.852,1.664,3.0,25.0
4.0,2.441,0.4096,0.1734,0.4234,5.766,2.362,1.225,2.893,4.0,25.0
5.0,3.052,0.3277,0.1218,0.3718,8.207,2.689,1.563,4.204,5.0,25.0
6.0,3.815,0.2621,0.0888,0.3388,11.259,2.951,1.868,5.514,6.0,25.0
7.0,4.768,0.2097,0.0663,0.3163,15.073,3.161,2.142,6.773,7.0,25.0
8.0,5.96,0.1678,0.0504,0.3004,19.842,3.329,2.387,7.947,8.0,25.0
9.0,7.451,0.1342,0.0388,0.2888,25.802,3.463,2.605,9.021,9.0,25.0
10.0,9.313,0.1074,0.0301,0.2801,33.253,3.571,2.797,9.987,10.0,25.0
11.0,11.642,0.0859,0.0235,0.2735,42.566,3.656,2.966,10.846,11.0,25.0
12.0,14.552,0.0687,0.0184,0.2684,54.208,3.725,3.115,11.602,12.0,25.0
13.0,18.19,0.055,0.0145,0.2645,68.76,3.78,3.244,12.262,13.0,25.0
14.0,22.737,0.044,0.0115,0.2615,86.949,3.824,3.356,12.833,14.0,25.0
15.0,28.422,0.0352,0.00912,0.2591,109.687,3.859,3.453,13.326,15.0,25.0
16.0,35.527,0.0281,0.00724,0.2572,138.109,3.887,3.537,13.748,16.0,25.0
17.0,44.409,0.0225,0.00576,0.2558,173.636,3.91,3.608,14.108,17.0,25.0
18.0,55.511,0.018,0.00459,0.2546,218.045,3.928,3.67,14.415,18.0,25.0
19.0,69.389,0.0144,0.00366,0.2537,273.556,3.942,3.722,14.674,19.0,25.0
20.0,86.736,0.0115,0.00292,0.2529,342.945,3.954,3.767,14.893,20.0,25.0
21.0,108.42,0.00922,0.00233,0.2523,429.681,3.963,3.805,15.078,21.0,25.0
22.0,135.525,0.00738,0.00186,0.2519,538.101,3.97,3.836,15.233,22.0,25.0
23.0,169.407,0.0059,0.00148,0.2515,673.626,3.976,3.863,15.362,23.0,25.0
24.0,211.758,0.00472,0.00119,0.2512,843.033,3.981,3.886,15.471,24.0,25.0
25.0,264.698,0.00378,0.00095,0.2509,1054.8,3.985,3.905,15.562,25.0,25.0
26.0,330.872,0.00302,0.00076,0.2508,1319.5,3.988,3.921,15.637,26.0,25.0
27.0,413.59,0.00242,0.00061,0.2506,1650.4,3.99,3.935,15.7,27.0,25.0
28.0,516.988,0.00193,0.00048,0.2505,2064.0,3.992,3.946,15.752,28.0,25.0
29.0,646.235,0.00155,0.00039,0.2504,2580.9,3.994,3.955,15.796,29.0,25.0
30.0,807.794,0.00124,0.00031,0.2503,3227.2,3.995,3.963,15.832,30.0,25.0
31.0,1009.7,0.00099,0.00025,0.2502,4035.0,3.996,3.969,15.861,31.0,25.0
32.0,1262.2,0.00079,0.0002,0.2502,5044.7,3.997,3.975,15.886,32.0,25.0
33.0,1577.7,0.00063,0.00016,0.2502,6306.9,3.997,3.979,15.906,33.0,25.0
34.0,1972.2,0.00051,0.00013,0.2501,7884.6,3.998,3.983,15.923,34.0,25.0
35.0,2465.2,0.00041,0.0001,0.2501,9856.8,3.998,3.986,15.937,35.0,25.0
40.0,7523.2,0.00013,3e-05,0.25,30088.7,3.999,3.995,15.977,40.0,25.0
45.0,22958.9,4e-05,1e-05,0.25,91831.5,4.0,3.998,15.991,45.0,25.0
50.0,70064.9,1e-05,,0.25,280255.7,4.0,3.999,15.997,50.0,25.0
55.0,213821.2,,,0.25,855280.7,4.0,4.0,15.999,55.0,25.0
1.0,1.3,0.7692,1.0,1.3,1.0,0.769,0.0,0.0,1.0,30.0
2.0,1.69,0.5917,0.4348,0.7348,2.3,1.361,0.435,0.592,2.0,30.0
3.0,2.197,0.4552,0.2506,0.5506,3.99,1.816,0.827,1.502,3.0,30.0
4.0,2.856,0.3501,0.1616,0.4616,6.187,2.166,1.178,2.552,4.0,30.0
5.0,3.713,0.2693,0.1106,0.4106,9.043,2.436,1.49,3.63,5.0,30.0
6.0,4.827,0.2072,0.0784,0.3784,12.756,2.643,1.765,4.666,6.0,30.0
7.0,6.275,0.1594,0.0569,0.3569,17.583,2.802,2.006,5.622,7.0,30.0
8.0,8.157,0.1226,0.0419,0.3419,23.858,2.925,2.216,6.48,8.0,30.0
9.0,10.604,0.0943,0.0312,0.3312,32.015,3.019,2.396,7.234,9.0,30.0
10.0,13.786,0.0725,0.0235,0.3235,42.619,3.092,2.551,7.887,10.0,30.0
11.0,17.922,0.0558,0.0177,0.3177,56.405,3.147,2.683,8.445,11.0,30.0
12.0,23.298,0.0429,0.0135,0.3135,74.327,3.19,2.795,8.917,12.0,30.0
13.0,30.287,0.033,0.0102,0.3102,97.625,3.223,2.889,9.314,13.0,30.0
14.0,39.374,0.0254,0.00782,0.3078,127.912,3.249,2.969,9.644,14.0,30.0
15.0,51.186,0.0195,0.00598,0.306,167.286,3.268,3.034,9.917,15.0,30.0
16.0,66.542,0.015,0.00458,0.3046,218.472,3.283,3.089,10.143,16.0,30.0
17.0,86.504,0.0116,0.00351,0.3035,285.014,3.295,3.135,10.328,17.0,30.0
18.0,112.455,0.00889,0.00269,0.3027,371.518,3.304,3.172,10.479,18.0,30.0
19.0,146.192,0.00684,0.00207,0.3021,483.973,3.311,3.202,10.602,19.0,30.0
20.0,190.049,0.00526,0.00159,0.3016,630.165,3.316,3.228,10.702,20.0,30.0
21.0,247.064,0.00405,0.00122,0.3012,820.214,3.32,3.248,10.783,21.0,30.0
22.0,321.184,0.00311,0.00094,0.3009,1067.3,3.323,3.265,10.848,22.0,30.0
23.0,417.539,0.00239,0.00072,0.3007,1388.5,3.325,3.278,10.901,23.0,30.0
24.0,542.8,0.00184,0.00055,0.3006,1806.0,3.327,3.289,10.943,24.0,30.0
25.0,705.64,0.00142,0.00043,0.3004,2348.8,3.329,3.298,10.977,25.0,30.0
26.0,917.332,0.00109,0.00033,0.3003,3054.4,3.33,3.305,11.005,26.0,30.0
27.0,1192.5,0.00084,0.00025,0.3003,3971.8,3.331,3.311,11.026,27.0,30.0
28.0,1550.3,0.00065,0.00019,0.3002,5164.3,3.331,3.315,11.044,28.0,30.0
29.0,2015.4,0.0005,0.00015,0.3001,6714.6,3.332,3.319,11.058,29.0,30.0
30.0,2620.0,0.00038,0.00011,0.3001,8730.0,3.332,3.322,11.069,30.0,30.0
31.0,3406.0,0.00029,9e-05,0.3001,11350.0,3.332,3.324,11.078,31.0,30.0
32.0,4427.8,0.00023,7e-05,0.3001,14756.0,3.333,3.326,11.085,32.0,30.0
33.0,5756.1,0.00017,5e-05,0.3001,19183.7,3.333,3.328,11.09,33.0,30.0
34.0,7483.0,0.00013,4e-05,0.3,24939.9,3.333,3.329,11.094,34.0,30.0
35.0,9727.8,0.0001,3e-05,0.3,32422.8,3.333,3.33,11.098,35.0,30.0
40.0,36118.8,3e-05,1e-05,0.3,120392.6,3.333,3.332,11.107,40.0,30.0
45.0,134106.5,1e-05,,0.3,447018.3,3.333,3.333,11.11,45.0,30.0
1.0,1.35,0.7407,1.0,1.35,1.0,0.741,0.0,0.0,1.0,35.0
2.0,1.822,0.5487,0.4255,0.7755,2.35,1.289,0.426,0.549,2.0,35.0
3.0,2.46,0.4064,0.2397,0.5897,4.173,1.696,0.803,1.362,3.0,35.0
4.0,3.322,0.3011,0.1508,0.5008,6.633,1.997,1.134,2.265,4.0,35.0
5.0,4.484,0.223,0.1005,0.4505,9.954,2.22,1.422,3.157,5.0,35.0
6.0,6.053,0.1652,0.0693,0.4193,14.438,2.385,1.67,3.983,6.0,35.0
7.0,8.172,0.1224,0.0488,0.3988,20.492,2.508,1.881,4.717,7.0,35.0
8.0,11.032,0.0906,0.0349,0.3849,28.664,2.598,2.06,5.352,8.0,35.0
9.0,14.894,0.0671,0.0252,0.3752,39.696,2.665,2.209,5.889,9.0,35.0
10.0,20.107,0.0497,0.0183,0.3683,54.59,2.715,2.334,6.336,10.0,35.0
11.0,27.144,0.0368,0.0134,0.3634,74.697,2.752,2.436,6.705,11.0,35.0
12.0,36.644,0.0273,0.00982,0.3598,101.841,2.779,2.52,7.005,12.0,35.0
13.0,49.47,0.0202,0.00722,0.3572,138.485,2.799,2.589,7.247,13.0,35.0
14.0,66.784,0.015,0.00532,0.3553,187.954,2.814,2.644,7.442,14.0,35.0
15.0,90.158,0.0111,0.00393,0.3539,254.739,2.825,2.689,7.597,15.0,35.0
16.0,121.714,0.00822,0.0029,0.3529,344.897,2.834,2.725,7.721,16.0,35.0
17.0,164.314,0.00609,0.00214,0.3521,466.611,2.84,2.753,7.818,17.0,35.0
18.0,221.824,0.00451,0.00158,0.3516,630.925,2.844,2.776,7.895,18.0,35.0
19.0,299.462,0.00334,0.00117,0.3512,852.748,2.848,2.793,7.955,19.0,35.0
20.0,404.274,0.00247,0.00087,0.3509,1152.2,2.85,2.808,8.002,20.0,35.0
21.0,545.769,0.00183,0.00064,0.3506,1556.5,2.852,2.819,8.038,21.0,35.0
22.0,736.789,0.00136,0.00048,0.3505,2102.3,2.853,2.827,8.067,22.0,35.0
23.0,994.665,0.00101,0.00035,0.3504,2839.0,2.854,2.834,8.089,23.0,35.0
24.0,1342.8,0.00074,0.00026,0.3503,3833.7,2.855,2.839,8.106,24.0,35.0
25.0,1812.8,0.00055,0.00019,0.3502,5176.5,2.856,2.843,8.119,25.0,35.0
26.0,2447.2,0.00041,0.00014,0.3501,6989.3,2.856,2.847,8.13,26.0,35.0
27.0,3303.8,0.0003,0.00011,0.3501,9436.5,2.856,2.849,8.137,27.0,35.0
28.0,4460.1,0.00022,8e-05,0.3501,12740.3,2.857,2.851,8.143,28.0,35.0
29.0,6021.1,0.00017,6e-05,0.3501,17200.4,2.857,2.852,8.148,29.0,35.0
30.0,8128.5,0.00012,4e-05,0.35,23221.6,2.857,2.853,8.152,30.0,35.0
31.0,10973.5,9e-05,3e-05,0.35,31350.1,2.857,2.854,8.154,31.0,35.0
32.0,14814.3,7e-05,2e-05,0.35,42323.7,2.857,2.855,8.157,32.0,35.0
33.0,19999.3,5e-05,2e-05,0.35,57137.9,2.857,2.855,8.158,33.0,35.0
34.0,26999.0,4e-05,1e-05,0.35,77137.2,2.857,2.856,8.159,34.0,35.0
35.0,36448.7,3e-05,1e-05,0.35,104136.3,2.857,2.856,8.16,35.0,35.0
1.0,1.4,0.7143,1.0,1.4,1.0,0.714,0.0,0.0,1.0,40.0
2.0,1.96,0.5102,0.4167,0.8167,2.4,1.224,0.417,0.51,2.0,40.0
3.0,2.744,0.3644,0.2294,0.6294,4.36,1.589,0.78,1.239,3.0,40.0
4.0,3.842,0.2603,0.1408,0.5408,7.104,1.849,1.092,2.02,4.0,40.0
5.0,5.378,0.1859,0.0914,0.4914,10.946,2.035,1.358,2.764,5.0,40.0
6.0,7.53,0.1328,0.0613,0.4613,16.324,2.168,1.581,3.428,6.0,40.0
7.0,10.541,0.0949,0.0419,0.4419,23.853,2.263,1.766,3.997,7.0,40.0
8.0,14.758,0.0678,0.0291,0.4291,34.395,2.331,1.919,4.471,8.0,40.0
9.0,20.661,0.0484,0.0203,0.4203,49.153,2.379,2.042,4.858,9.0,40.0
10.0,28.925,0.0346,0.0143,0.4143,69.814,2.414,2.142,5.17,10.0,40.0
11.0,40.496,0.0247,0.0101,0.4101,98.739,2.438,2.221,5.417,11.0,40.0
12.0,56.694,0.0176,0.00718,0.4072,139.235,2.456,2.285,5.611,12.0,40.0
13.0,79.371,0.0126,0.0051,0.4051,195.929,2.469,2.334,5.762,13.0,40.0
14.0,111.12,0.009,0.00363,0.4036,275.3,2.478,2.373,5.879,14.0,40.0
15.0,155.568,0.00643,0.00259,0.4026,386.42,2.484,2.403,5.969,15.0,40.0
16.0,217.795,0.00459,0.00185,0.4018,541.988,2.489,2.426,6.038,16.0,40.0
17.0,304.913,0.00328,0.00132,0.4013,759.783,2.492,2.444,6.09,17.0,40.0
18.0,426.879,0.00234,0.00094,0.4009,1064.7,2.494,2.458,6.13,18.0,40.0
19.0,597.63,0.00167,0.00067,0.4007,1419.6,2.496,2.468,6.16,19.0,40.0
20.0,836.682,0.0012,0.00048,0.4005,2089.2,2.497,2.476,6.183,20.0,40.0
21.0,1171.4,0.00085,0.00034,0.4003,2925.9,2.498,2.482,6.2,21.0,40.0
22.0,1639.9,0.00061,0.00024,0.4002,4097.2,2.498,2.487,6.213,22.0,40.0
23.0,2295.9,0.00044,0.00017,0.4002,5737.1,2.499,2.49,6.222,23.0,40.0
24.0,3214.2,0.00031,0.00012,0.4001,8033.0,2.499,2.493,6.229,24.0,40.0
25.0,4499.9,0.00022,9e-05,0.4001,11247.2,2.499,2.494,6.235,25.0,40.0
26.0,6299.8,0.00016,6e-05,0.4001,15747.1,2.5,2.496,6.239,26.0,40.0
27.0,8819.8,0.00011,5e-05,0.4,22046.9,2.5,2.497,6.242,27.0,40.0
28.0,12347.7,8e-05,3e-05,0.4,30866.7,2.5,2.498,6.244,28.0,40.0
29.0,17286.7,6e-05,2e-05,0.4,43214.3,2.5,2.498,6.245,29.0,40.0
30.0,24201.4,4e-05,2e-05,0.4,60501.0,2.5,2.499,6.247,30.0,40.0
31.0,33882.0,3e-05,1e-05,0.4,84702.5,2.5,2.499,6.248,31.0,40.0
32.0,47434.8,2e-05,1e-05,0.4,118584.4,2.5,2.499,6.248,32.0,40.0
33.0,66408.7,2e-05,1e-05,0.4,166019.2,2.5,2.5,6.249,33.0,40.0
34.0,92972.1,1e-05,,0.4,232427.9,2.5,2.5,6.249,34.0,40.0
35.0,130161.0,1e-05,,0.4,325400.0,2.5,2.5,6.249,35.0,40.0
1.0,1.45,0.6897,1.0,1.45,1.0,0.69,0.0,0.0,1.0,45.0
2.0,2.103,0.4756,0.4082,0.8582,2.45,1.165,0.408,0.476,2.0,45.0
3.0,3.049,0.328,0.2197,0.6697,4.553,1.493,0.758,1.132,3.0,45.0
4.0,4.421,0.2262,0.1316,0.5816,7.601,1.72,1.053,1.81,4.0,45.0
5.0,6.41,0.156,0.0832,0.5332,12.022,1.876,1.298,2.434,5.0,45.0
6.0,9.294,0.1076,0.0543,0.5043,18.431,1.983,1.499,2.972,6.0,45.0
7.0,13.476,0.0742,0.0361,0.4861,27.725,2.057,1.661,3.418,7.0,45.0
8.0,19.541,0.0512,0.0243,0.4743,41.202,2.109,1.791,3.776,8.0,45.0
9.0,28.334,0.0353,0.0165,0.4665,60.743,2.144,1.893,4.058,9.0,45.0
10.0,41.085,0.0243,0.0112,0.4612,89.077,2.168,1.973,4.277,10.0,45.0
11.0,59.573,0.0168,0.00768,0.4577,130.162,2.185,2.034,4.445,11.0,45.0
12.0,86.381,0.0116,0.00527,0.4553,189.735,2.196,2.082,4.572,12.0,45.0
13.0,125.252,0.00798,0.00362,0.4536,276.115,2.204,2.118,4.668,13.0,45.0
14.0,181.615,0.00551,0.00249,0.4525,401.367,2.21,2.145,4.74,14.0,45.0
15.0,263.342,0.0038,0.00172,0.4517,582.982,2.214,2.165,4.793,15.0,45.0
16.0,381.846,0.00262,0.00118,0.4512,846.325,2.216,2.18,4.832,16.0,45.0
17.0,553.677,0.00181,0.00081,0.4508,1228.2,2.218,2.191,4.861,17.0,45.0
18.0,802.831,0.00125,0.00056,0.4506,1781.8,2.219,2.2,4.882,18.0,45.0
19.0,1164.1,0.00086,0.00039,0.4504,2584.7,2.22,2.206,4.898,19.0,45.0
20.0,1688.0,0.00059,0.00027,0.4503,3748.8,2.221,2.21,4.909,20.0,45.0
21.0,2447.5,0.00041,0.00018,0.4502,5436.7,2.221,2.214,4.917,21.0,45.0
22.0,3548.9,0.00028,0.00013,0.4501,7884.3,2.222,2.216,4.923,22.0,45.0
23.0,5145.9,0.00019,9e-05,0.4501,11433.2,2.222,2.218,4.927,23.0,45.0
24.0,7461.6,0.00013,6e-05,0.4501,16579.1,2.222,2.219,4.93,24.0,45.0
25.0,10819.3,9e-05,4e-05,0.45,24040.7,2.222,2.22,4.933,25.0,45.0
26.0,15688.0,6e-05,3e-05,0.45,34860.1,2.222,2.221,4.934,26.0,45.0
27.0,22747.7,4e-05,2e-05,0.45,50548.1,2.222,2.221,4.935,27.0,45.0
28.0,32984.1,3e-05,1e-05,0.45,73295.8,2.222,2.221,4.936,28.0,45.0
29.0,47826.9,2e-05,1e-05,0.45,106279.9,2.222,2.222,4.937,29.0,45.0
30.0,69349.1,1e-05,1e-05,0.45,154106.8,2.222,2.222,4.937,30.0,45.0
31.0,100556.1,1e-05,,0.45,223455.9,2.222,2.222,4.938,31.0,45.0
32.0,145806.4,1e-05,,0.45,324012.0,2.222,2.222,4.938,32.0,45.0
33.0,211419.3,,,0.45,469818.5,2.222,2.222,4.938,33.0,45.0
34.0,306558.0,,,0.45,681237.8,2.222,2.222,4.938,34.0,45.0
35.0,444509.2,,,0.45,987795.9,2.222,2.222,4.938,35.0,45.0
1.0,1.5,0.6667,1.0,1.5,1.0,0.667,0.0,0.0,1.0,50.0
2.0,2.25,0.4444,0.4,0.9,2.5,1.111,0.4,0.444,2.0,50.0
3.0,3.375,0.2963,0.2105,0.7105,4.75,1.407,0.737,1.037,3.0,50.0
4.0,5.063,0.1975,0.1231,0.6231,8.125,1.605,1.015,1.63,4.0,50.0
5.0,7.594,0.1317,0.0758,0.5758,13.188,1.737,1.242,2.156,5.0,50.0
6.0,11.391,0.0878,0.0481,0.5481,20.781,1.824,1.423,2.595,6.0,50.0
7.0,17.086,0.0585,0.0311,0.5311,32.172,1.883,1.565,2.947,7.0,50.0
8.0,25.629,0.039,0.0203,0.5203,49.258,1.922,1.675,3.22,8.0,50.0
9.0,38.443,0.026,0.0134,0.5134,74.887,1.948,1.76,3.428,9.0,50.0
10.0,57.665,0.0173,0.00882,0.5088,113.33,1.965,1.824,3.584,10.0,50.0
11.0,86.498,0.0116,0.00585,0.5058,170.995,1.977,1.871,3.699,11.0,50.0
12.0,129.746,0.00771,0.00388,0.5039,257.493,1.985,1.907,3.784,12.0,50.0
13.0,194.62,0.00514,0.00258,0.5026,387.239,1.99,1.933,3.846,13.0,50.0
14.0,291.929,0.00343,0.00172,0.5017,581.859,1.993,1.952,3.89,14.0,50.0
15.0,437.894,0.00228,0.00114,0.5011,873.788,1.995,1.966,3.922,15.0,50.0
16.0,656.814,0.00152,0.00076,0.5008,1311.7,1.997,1.976,3.945,16.0,50.0
17.0,985.261,0.00101,0.00051,0.5005,1968.5,1.998,1.983,3.961,17.0,50.0
18.0,1477.9,0.00068,0.00034,0.5003,2953.8,1.999,1.988,3.973,18.0,50.0
19.0,2216.8,0.00045,0.00023,0.5002,4431.7,1.999,1.991,3.981,19.0,50.0
20.0,3325.3,0.0003,0.00015,0.5002,6648.5,1.999,1.994,3.987,20.0,50.0
21.0,4987.9,0.0002,0.0001,0.5001,9973.8,2.0,1.996,3.991,21.0,50.0
22.0,7481.8,0.00013,7e-05,0.5001,14961.7,2.0,1.997,3.994,22.0,50.0
23.0,11222.7,9e-05,4e-05,0.5,22443.5,2.0,1.998,3.996,23.0,50.0
24.0,16834.1,6e-05,3e-05,0.5,33666.2,2.0,1.999,3.997,24.0,50.0
25.0,25251.2,4e-05,2e-05,0.5,50500.3,2.0,1.999,3.998,25.0,50.0
26.0,37876.8,3e-05,1e-05,0.5,75751.5,2.0,1.999,3.999,26.0,50.0
27.0,56815.1,2e-05,1e-05,0.5,113628.3,2.0,2.0,3.999,27.0,50.0
28.0,85222.7,1e-05,1e-05,0.5,170443.4,2.0,2.0,3.999,28.0,50.0
29.0,127834.0,1e-05,,0.5,255666.1,2.0,2.0,4.0,29.0,50.0
30.0,191751.1,1e-05,,0.5,383500.1,2.0,2.0,4.0,30.0,50.0
31.0,287626.6,,,0.5,575251.2,2.0,2.0,4.0,31.0,50.0
32.0,431439.9,,,0.5,862877.8,2.0,2.0,4.0,32.0,50.0
1.0,1.6,0.625,1.0,1.6,1.0,0.625,0.0,0.0,1.0,60.0
2.0,2.56,0.3906,0.3846,0.9846,2.6,1.016,0.385,0.391,2.0,60.0
3.0,4.096,0.2441,0.1938,0.7938,5.16,1.26,0.698,0.879,3.0,60.0
4.0,6.554,0.1526,0.108,0.708,9.256,1.412,0.946,1.337,4.0,60.0
5.0,10.486,0.0954,0.0633,0.6633,15.81,1.508,1.14,1.718,5.0,60.0
6.0,16.777,0.0596,0.038,0.638,26.295,1.567,1.286,2.016,6.0,60.0
7.0,26.844,0.0373,0.0232,0.6232,43.073,1.605,1.396,2.24,7.0,60.0
8.0,42.95,0.0233,0.0143,0.6143,69.916,1.628,1.476,2.403,8.0,60.0
9.0,68.719,0.0146,0.00886,0.6089,112.866,1.642,1.534,2.519,9.0,60.0
10.0,109.951,0.00909,0.00551,0.6055,181.585,1.652,1.575,2.601,10.0,60.0
11.0,175.922,0.00568,0.00343,0.6034,291.536,1.657,1.604,2.658,11.0,60.0
12.0,281.475,0.00355,0.00214,0.6021,467.458,1.661,1.624,2.697,12.0,60.0
13.0,450.36,0.00222,0.00134,0.6013,748.933,1.663,1.638,2.724,13.0,60.0
14.0,720.576,0.00139,0.00083,0.6008,1199.3,1.664,1.647,2.742,14.0,60.0
15.0,1152.9,0.00087,0.00052,0.6005,1919.9,1.665,1.654,2.754,15.0,60.0
16.0,1844.7,0.00054,0.00033,0.6003,3072.8,1.666,1.658,2.762,16.0,60.0
17.0,2951.5,0.00034,0.0002,0.6002,4917.5,1.666,1.661,2.767,17.0,60.0
18.0,4722.4,0.00021,0.00013,0.6001,7868.9,1.666,1.663,2.771,18.0,60.0
19.0,7555.8,0.00013,8e-05,0.6011,12591.3,1.666,1.664,2.773,19.0,60.0
20.0,12089.3,8e-05,5e-05,0.6,20147.1,1.667,1.665,2.775,20.0,60.0
21.0,19342.8,5e-05,3e-05,0.6,32236.3,1.667,1.666,2.776,21.0,60.0
22.0,30948.5,3e-05,2e-05,0.6,51579.2,1.667,1.666,2.777,22.0,60.0
23.0,49517.6,2e-05,1e-05,0.6,82527.6,1.667,1.666,2.777,23.0,60.0
24.0,79228.1,1e-05,1e-05,0.6,132045.2,1.667,1.666,2.777,24.0,60.0
25.0,126765.0,1e-05,,0.6,211273.4,1.667,1.666,2.777,25.0,60.0
26.0,202824.0,,,0.6,338038.4,1.667,1.667,2.778,26.0,60.0
27.0,324518.4,,,0.6,540862.4,1.667,1.667,2.778,27.0,60.0
28.0,519229.5,,,0.6,865380.9,1.667,1.667,2.778,28.0,60.0
